{
  "summary": {
    "total_tests": 2,
    "significant_tests": 2,
    "significance_rate": 100.0
  },
  "tests": {
    "chi_square_sentiment": {
      "test_name": "Chi-square Test: Sentiment Classification Distribution",
      "test_type": "chi2",
      "statistic": 476.8658032289123,
      "p_value": 2.817776382109715e-104,
      "degrees_of_freedom": 2,
      "significance": "Significant",
      "significance_level": 0.05,
      "cramers_v": 0.06577069439827245,
      "contingency_table": {
        "Abstract": {
          "Negative": 14841,
          "Neutral": 6030,
          "Positive": 30031,
          "Total": 50902
        },
        "Retraction": {
          "Negative": 17339,
          "Neutral": 9661,
          "Positive": 32336,
          "Total": 59336
        }
      },
      "expected_frequencies": {
        "Abstract": {
          "Negative": 14858.999256154864,
          "Neutral": 7245.262813186016,
          "Positive": 28797.73793065912
        },
        "Retraction": {
          "Negative": 17321.000743845136,
          "Neutral": 8445.737186813983,
          "Positive": 33569.26206934088
        }
      },
      "proportions": {
        "Abstract": {
          "Negative": 0.2915602530352442,
          "Neutral": 0.118462928765078,
          "Positive": 0.5899768181996778
        },
        "Retraction": {
          "Negative": 0.2922172037211811,
          "Neutral": 0.1628185250101119,
          "Positive": 0.5449642712687071
        }
      }
    },
    "t_test_sentiment": {
      "test_name": "Independent Samples t-test: Sentiment Scores",
      "test_type": "ttest_ind",
      "statistic": -6.243926445651641,
      "p_value": 4.2840874984652133e-10,
      "significance": "Significant",
      "significance_level": 0.05,
      "cohens_d": -0.03793676513155272,
      "effect_size_interpretation": "Negligible",
      "abstract_stats": {
        "mean": 0.24231099170955953,
        "std": 0.6859596069854788,
        "count": 50902,
        "median": 0.4404
      },
      "retraction_stats": {
        "mean": 0.266586900026965,
        "std": 0.5902669424862379,
        "count": 59336,
        "median": 0.296
      },
      "difference": {
        "mean_difference": -0.024275908317405476,
        "ci_lower": -0.03189618200733386,
        "ci_upper": -0.016655634627477094,
        "se": 0.0038879234931269192
      }
    }
  }
}